{
	"info": {
		"_postman_id": "37a9cf18-e0e8-46ae-b29d-efca3a19d0f5",
		"name": "DevsuCollection",
		"schema": "https://schema.getpostman.com/json/collection/v2.1.0/collection.json",
		"_exporter_id": "45984620"
	},
	"item": [
		{
			"name": "Client",
			"item": [
				{
					"name": "deleteClient",
					"request": {
						"method": "DELETE",
						"header": [],
						"body": {
							"mode": "raw",
							"raw": "",
							"options": {
								"raw": {
									"language": "json"
								}
							}
						},
						"url": {
							"raw": "localhost:8000/api/accounts/1",
							"host": [
								"localhost"
							],
							"port": "8000",
							"path": [
								"api",
								"accounts",
								"1"
							]
						}
					},
					"response": []
				},
				{
					"name": "getAllClient",
					"request": {
						"method": "GET",
						"header": [],
						"url": {
							"raw": "localhost:8001/api/clients",
							"host": [
								"localhost"
							],
							"port": "8001",
							"path": [
								"api",
								"clients"
							]
						}
					},
					"response": []
				},
				{
					"name": "getByIdClient",
					"request": {
						"method": "GET",
						"header": [],
						"url": {
							"raw": "localhost:8001/api/clients/1",
							"host": [
								"localhost"
							],
							"port": "8001",
							"path": [
								"api",
								"clients",
								"1"
							]
						}
					},
					"response": []
				},
				{
					"name": "createClients",
					"request": {
						"method": "POST",
						"header": [],
						"body": {
							"mode": "raw",
							"raw": "{\n    \"dni\": \"123\",\n    \"name\": \"test\",\n    \"password\": \"password\",\n    \"gender\": \"male\",\n    \"age\": 20,\n    \"address\": \"home\",\n    \"phone\": \"1234\",\n    \"active\": true\n}",
							"options": {
								"raw": {
									"language": "json"
								}
							}
						},
						"url": {
							"raw": "localhost:8001/api/clients",
							"host": [
								"localhost"
							],
							"port": "8001",
							"path": [
								"api",
								"clients"
							]
						}
					},
					"response": []
				},
				{
					"name": "updateClient",
					"request": {
						"method": "PUT",
						"header": [],
						"body": {
							"mode": "raw",
							"raw": "{\n    \"dni\": \"123\",\n    \"name\": \"test\",\n    \"password\": \"password\",\n    \"gender\": \"male\",\n    \"age\": 20,\n    \"address\": \"home\",\n    \"phone\": \"1234\",\n    \"active\": true\n}",
							"options": {
								"raw": {
									"language": "json"
								}
							}
						},
						"url": {
							"raw": "localhost:8001/api/clients/1",
							"host": [
								"localhost"
							],
							"port": "8001",
							"path": [
								"api",
								"clients",
								"1"
							]
						}
					},
					"response": []
				},
				{
					"name": "PartialUpdateClient",
					"request": {
						"method": "PATCH",
						"header": [],
						"body": {
							"mode": "raw",
							"raw": "{\n    \"active\": false\n}",
							"options": {
								"raw": {
									"language": "json"
								}
							}
						},
						"url": {
							"raw": "localhost:8001/api/clients/1",
							"host": [
								"localhost"
							],
							"port": "8001",
							"path": [
								"api",
								"clients",
								"1"
							]
						}
					},
					"response": []
				}
			]
		},
		{
			"name": "Account",
			"item": [
				{
					"name": "partialUpdateAccount",
					"request": {
						"method": "PATCH",
						"header": [],
						"body": {
							"mode": "raw",
							"raw": "{\n    \"isActive\": true\n}",
							"options": {
								"raw": {
									"language": "json"
								}
							}
						},
						"url": {
							"raw": "localhost:8000/api/accounts/1",
							"host": [
								"localhost"
							],
							"port": "8000",
							"path": [
								"api",
								"accounts",
								"1"
							]
						}
					},
					"response": []
				},
				{
					"name": "getAllAccount",
					"request": {
						"method": "GET",
						"header": [],
						"url": {
							"raw": "localhost:8000/api/accounts",
							"host": [
								"localhost"
							],
							"port": "8000",
							"path": [
								"api",
								"accounts"
							]
						}
					},
					"response": []
				},
				{
					"name": "getByIdAccount",
					"request": {
						"method": "GET",
						"header": [],
						"url": {
							"raw": "localhost:8000/api/accounts/1",
							"host": [
								"localhost"
							],
							"port": "8000",
							"path": [
								"api",
								"accounts",
								"1"
							]
						}
					},
					"response": []
				},
				{
					"name": "createAccount",
					"request": {
						"method": "POST",
						"header": [],
						"body": {
							"mode": "raw",
							"raw": "{\n    \"active\": true,\n    \"initialAmount\": 0.0,\n    \"number\": 123,\n    \"type\": \"savings\"\n}",
							"options": {
								"raw": {
									"language": "json"
								}
							}
						},
						"url": {
							"raw": "localhost:8000/api/accounts",
							"host": [
								"localhost"
							],
							"port": "8000",
							"path": [
								"api",
								"accounts"
							]
						}
					},
					"response": []
				},
				{
					"name": "updateAccount",
					"request": {
						"method": "PUT",
						"header": [],
						"body": {
							"mode": "raw",
							"raw": "{\n    \"isActive\": true,\n    \"initialAmount\": 0.0,\n    \"number\": 123,\n    \"type\": \"savings\"\n}",
							"options": {
								"raw": {
									"language": "json"
								}
							}
						},
						"url": {
							"raw": "localhost:8000/api/accounts/1",
							"host": [
								"localhost"
							],
							"port": "8000",
							"path": [
								"api",
								"accounts",
								"1"
							]
						}
					},
					"response": []
				},
				{
					"name": "deleteAccount",
					"request": {
						"method": "DELETE",
						"header": [],
						"body": {
							"mode": "raw",
							"raw": "",
							"options": {
								"raw": {
									"language": "json"
								}
							}
						},
						"url": {
							"raw": "localhost:8000/api/accounts/1",
							"host": [
								"localhost"
							],
							"port": "8000",
							"path": [
								"api",
								"accounts",
								"1"
							]
						}
					},
					"response": []
				}
			]
		},
		{
			"name": "Transaction",
			"item": [
				{
					"name": "getAllTransactions",
					"request": {
						"method": "GET",
						"header": [],
						"url": {
							"raw": "localhost:8000/api/transactions",
							"host": [
								"localhost"
							],
							"port": "8000",
							"path": [
								"api",
								"transactions"
							]
						}
					},
					"response": []
				},
				{
					"name": "getByIdTransaction",
					"request": {
						"method": "GET",
						"header": [],
						"url": {
							"raw": "localhost:8000/api/transactions/1",
							"host": [
								"localhost"
							],
							"port": "8000",
							"path": [
								"api",
								"transactions",
								"1"
							]
						}
					},
					"response": []
				},
				{
					"name": "createTransaction",
					"request": {
						"method": "POST",
						"header": [],
						"body": {
							"mode": "raw",
							"raw": "{\n    \"accountId\": 1,\n    \"amount\": 0.0,\n    \"balance\": 0.0,\n    \"date\": \"2025-01-25\",\n    \"type\": \"type\"\n}",
							"options": {
								"raw": {
									"language": "json"
								}
							}
						},
						"url": {
							"raw": "localhost:8000/api/transactions",
							"host": [
								"localhost"
							],
							"port": "8000",
							"path": [
								"api",
								"transactions"
							]
						}
					},
					"response": []
				},
				{
					"name": "reportTransactions",
					"request": {
						"method": "POST",
						"header": [],
						"body": {
							"mode": "raw",
							"raw": "",
							"options": {
								"raw": {
									"language": "json"
								}
							}
						},
						"url": {
							"raw": "localhost:8000/api/transactions/clients/1/report?dateTransactionStart=2025-01-01&dateTransactionEnd=2025-06-01",
							"host": [
								"localhost"
							],
							"port": "8000",
							"path": [
								"api",
								"transactions",
								"clients",
								"1",
								"report"
							],
							"query": [
								{
									"key": "dateTransactionStart",
									"value": "2025-01-01"
								},
								{
									"key": "dateTransactionEnd",
									"value": "2025-06-01"
								}
							]
						}
					},
					"response": []
				}
			]
		}
	]
}